Name,Latitude,Longitude,Coordinates,분류,날짜,요일,순번,시각,지역,메모
✈ 김포 11:00 → 가오슝 13:15,22.575023,120.351867,"22.575023,120.351867",공항·이동,DAY 1,10/29 목,1,11:00,공항,도착 후 입국·유심 개통 → MRT 레드라인. 공항역이 터미널 지하에 바로 있어 시내까지 15분입니다
로얄 파인 호텔(好地方飯店六合館) — Royal Fine Hotel,22.6322256,120.2937476,"22.6322256,120.2937476",숙소,DAY 1,10/29 목,2,14:30,가오슝역,🛏 우리가 잡은 숙소입니다. 4인 1실(패밀리 쿼드룸) 3박 · 10/29 15:00 입실 ~ 11/1 11:00 퇴실 · 조식 불포함
빛의 돔(光之穹頂) — 메이리다오역,22.6313652,120.3019167,"22.6313652,120.3019167",명소,DAY 1,10/29 목,3,15:30,메이리다오,"세계 최대 유리 공공미술 빛의 돔(光之穹頂). 라이트 쇼가 평일 11:00·15:00·20:00, 금요일은 19:00 추가, 주말·공휴일은 17:00·19:00 추가로 돌아갑니다. 한 번에 3~5분이라 시간만 맞추면 금방 봅니다"
강위안 우육면(港園牛肉麵),22.6210904,120.2877845,"22.6210904,120.2877845",맛집,DAY 1,10/29 목,4,17:00,옌청푸,가오슝 우육면 하면 나오는 이름. 점심에 줄이 김
화다 밀크티(樺達奶茶),22.6236461,120.2858037,"22.6236461,120.2858037",맛집,DAY 1,10/29 목,5,18:00,옌청푸,가오슝 밀크티의 대명사. 줄이 길지만 회전이 빠릅니다. 테이크아웃 전용
장미성모성당(玫瑰聖母聖殿主教座堂),22.6203245,120.2916188,"22.6203245,120.2916188",명소,DAY 1,10/29 목,6,18:40,옌청푸,1859년에 세운 대만 최초의 가톨릭 성당. 해 지고 조명이 들어오면 사진이 잘 나옵니다
보얼예술특구(駁二藝術特區),22.6199803,120.2815287,"22.6199803,120.2815287",명소,DAY 1,10/29 목,7,19:30,옌청푸,항만 창고를 개조한 문화예술구. 소품샵·포토존이 넓게 퍼져 있어 경전철로 구간 이동
포트 웨어하우스 2(棧貳庫 KW2),22.6186461,120.2777946,"22.6186461,120.2777946",명소,DAY 1,10/29 목,8,20:30,하마싱,항만 창고를 고친 쇼핑·식당 공간. 보얼예술특구와 붙어 있어 이어서 봅니다. 항구 쪽 테라스가 핵심
소우산 연인 전망대(壽山情人觀景台),22.6254253,120.2741481,"22.6254253,120.2741481",명소,DAY 2,10/30 금,1,09:35,구산,가오슝 야경 1순위. 항구와 85빌딩이 한 화면에 들어옵니다. 해 지기 30분 전에 올라가세요
다거우 영국영사관(打狗英國領事館),22.618284,120.267214,"22.618284,120.267214",명소,DAY 2,10/30 금,2,10:40,시쯔완,옛 영국 영사관에서 항구를 내려다봄. 일몰과 묶어서 보는 코스
단단 햄버거 시쯔완점(丹丹漢堡),22.6223566,120.2733317,"22.6223566,120.2733317",맛집,DAY 2,10/30 금,3,11:50,하마싱,남부 대만에만 있는 체인. 햄버거에 몐셴(麵線)이 딸려 나오는 조합이 가오슝다운 경험입니다
구산 페리 선착장,22.619895,120.270012,"22.619895,120.270012",명소,DAY 2,10/30 금,4,12:50,구산,치진 가는 페리. 자전거를 들고 탈 수 있음
치진 천후궁(旗津天后宮),22.6133653,120.2683653,"22.6133653,120.2683653",명소,DAY 2,10/30 금,5,13:15,치진,<b>대만에서 가장 오래된 마조묘</b>입니다. 300년이 넘었고 옛거리 들머리라 그냥 지나칩니다
치진 옛거리(旗津老街),22.6133492,120.2686345,"22.6133492,120.2686345",명소,DAY 2,10/30 금,6,13:40,치진,해산물집과 간식 노점이 이어지는 거리. 치진 일정의 중심입니다
치진 별빛 터널(星空隧道),22.6126605,120.2645727,"22.6126605,120.2645727",명소,DAY 2,10/30 금,7,14:20,치진,야광 벽화가 있는 짧은 해안 터널. 자전거로 지나가기 좋습니다
치진 등대(旗後燈塔),22.6155918,120.2650699,"22.6155918,120.2650699",명소,DAY 2,10/30 금,8,14:45,치진,흰 등대에서 항구가 한눈에 들어옵니다. 치허우 포대와 한 언덕이라 같이 올라가세요
치허우 포대(旗後砲台),22.613027,120.2641059,"22.613027,120.2641059",명소,DAY 2,10/30 금,9,15:30,치진,청나라 때 포대 터. 등대 가는 길에 붙어 있어 묶어서 봅니다
치진 무지개 교회(彩虹教堂),22.6023263,120.2734327,"22.6023263,120.2734327",명소,DAY 2,10/30 금,10,16:15,치진,바다를 배경으로 한 포토존. 평점은 4.1로 높지 않지만 사진은 확실히 남습니다
치진 풍차공원,22.5883126,120.2843378,"22.5883126,120.2843378",명소,DAY 2,10/30 금,11,17:00,치진,바다 옆 풍력발전기와 잔디밭. 치진 자전거 코스의 종점
치허우하이찬(旗后海產) — 치진 해산물,22.6120193,120.2677697,"22.6120193,120.2677697",맛집,DAY 2,10/30 금,12,18:30,치진,치진에서 후기가 가장 많은 해산물집. 주문 전에 총액을 반드시 물어보세요
둥강 부두(東港碼頭),22.4663,120.4486,"22.4663,120.4486",명소,DAY 3,10/31 토,1,08:45,핑둥,샤오류추로 가는 배가 뜨는 곳입니다. <b>실물 승선권으로 바꿔야 하고 여권이 필요합니다</b>(실명제)
샤오류추(小琉球) — 거북이 섬,22.3428,120.3715,"22.3428,120.3715",명소,DAY 3,10/31 토,2,09:30,샤오류추,⭐<b>대만에서 바다거북 밀도가 가장 높은 섬.</b> 해안 가까이에 연중 머물러 스노클링을 하면 거의 매번 봅니다(보장은 없습니다)
화핑암(花瓶岩),22.3537,120.3787,"22.3537,120.3787",명소,DAY 3,10/31 토,3,13:40,샤오류추,섬의 상징인 꽃병 모양 바위. <b>바로 앞 얕은 바다에서도 거북이가 보입니다</b>
메이런둥(美人洞),22.3594,120.368,"22.3594,120.368",명소,DAY 3,10/31 토,4,14:30,샤오류추,해식동굴과 절벽 산책로. 우구이둥·산푸둥과 묶인 통합권으로 들어갑니다
스즈카 서킷 파크(鈴鹿賽道樂園),22.5834212,120.3286197,"22.5834212,120.3286197",명소,DAY 4,11/1 일,1,12:45,첸전,일본 스즈카 서킷과 제휴한 대만 유일의 드라이빙 테마파크. 카트·미니 서킷 위주라 반나절 잡습니다
✈ 가오슝 17:00 → 인천 20:45,22.575023,120.351867,"22.575023,120.351867",공항·이동,DAY 4,11/1 일,2,17:00,공항,공항에 15:00까지 도착하면 넉넉합니다. 시내에서 MRT 15분이라 14:30에는 출발하세요
