Name,Latitude,Longitude,Coordinates,분류,평점,지역,가는 법,설명,구글지도
가오슝 대중음악센터(高雄流行音樂中心),22.6174409,120.2884249,"22.6174409,120.2884249",명소,"★ 4.7 · 6,428",옌청푸,경전철 음악센터역,항구변 조형 건축. 밤 조명이 좋아 저녁 동선에 넣기 좋음,"https://www.google.com/maps/search/?api=1&query=22.6174409,120.2884249"
불광산 불타기념관(佛光山),22.7549492,120.447387,"22.7549492,120.447387",명소,"★ 4.6 · 39,591",다수,쭤잉역에서 E02 버스 40분,동양 최대급 불교 성지. 대불과 박물관 규모가 압도적. 반나절 이상 필요,"https://www.google.com/maps/search/?api=1&query=22.7549492,120.447387"
치진 등대(旗後燈塔),22.6155918,120.2650699,"22.6155918,120.2650699",명소,"★ 4.6 · 5,302",치진,치진 페리 → 도보 15분 오르막,흰 등대에서 항구가 한눈에 들어옵니다. 치허우 포대와 한 언덕이라 같이 올라가세요,"https://www.google.com/maps/search/?api=1&query=22.6155918,120.2650699"
가오슝 시립도서관,22.6104438,120.3017989,"22.6104438,120.3017989",명소,"★ 4.6 · 4,930",첸전,MRT 산둬상권역 도보 10분,기둥 없이 매달린 구조의 도서관. 야간 조명이 특히 예쁨,"https://www.google.com/maps/search/?api=1&query=22.6104438,120.3017989"
대항교(다강차오),22.6178831,120.2838745,"22.6178831,120.2838745",명소,"★ 4.6 · 4,242",옌청푸,경전철 다이한차오역,아시아 최초 수평 회전교. 개폐 시간을 맞춰 가야 볼거리가 됨,"https://www.google.com/maps/search/?api=1&query=22.6178831,120.2838745"
알리엔 아트센터(金馬賓館),22.6275814,120.2788598,"22.6275814,120.2788598",명소,"★ 4.6 · 2,064",구산,MRT 하마싱역(Hamasen) 도보 10분,옛 군인 숙소를 고친 미술관. 2층 카페가 이 건물의 백미라 카페 목록에도 넣어 뒀습니다,"https://www.google.com/maps/search/?api=1&query=22.6275814,120.2788598"
싼펑궁(三鳳宮) — Sunfong Temple,22.6360043,120.2940987,"22.6360043,120.2940987",명소,★ 4.6,싼민,가오슝역 도보권 · 리우허 야시장에서 가깝습니다,🇰🇷 실제 여행기 두 건에 연달아 나온 큰 도교 사원. 밤에 조명이 들어와 리우허 야시장 가는 길에 들르는 코스로 자주 묶입니다,"https://www.google.com/maps/search/?api=1&query=22.6360043,120.2940987"
가오슝시립미술관,22.6566968,120.2865511,"22.6566968,120.2865511",명소,"★ 4.5 · 11,502",미술관,경전철 미술관역,공원 안의 큰 미술관. 실내라 비 오는 날 대안으로 좋습니다,"https://www.google.com/maps/search/?api=1&query=22.6566968,120.2865511"
소우산 연인 전망대(壽山情人觀景台),22.6254253,120.2741481,"22.6254253,120.2741481",명소,"★ 4.5 · 8,616",구산,MRT 옌청푸역에서 택시 10분,가오슝 야경 1순위. 항구와 85빌딩이 한 화면에 들어옵니다. 해 지기 30분 전에 올라가세요,"https://www.google.com/maps/search/?api=1&query=22.6254253,120.2741481"
치허우 포대(旗後砲台),22.613027,120.2641059,"22.613027,120.2641059",명소,"★ 4.5 · 3,162",치진,등대와 같은 언덕,청나라 때 포대 터. 등대 가는 길에 붙어 있어 묶어서 봅니다,"https://www.google.com/maps/search/?api=1&query=22.613027,120.2641059"
보얼예술특구(駁二藝術特區),22.6199803,120.2815287,"22.6199803,120.2815287",명소,"★ 4.4 · 71,747",옌청푸,MRT 옌청푸역 1번 출구 도보 6분,항만 창고를 개조한 문화예술구. 소품샵·포토존이 넓게 퍼져 있어 경전철로 구간 이동,"https://www.google.com/maps/search/?api=1&query=22.6199803,120.2815287"
빛의 돔(光之穹頂) — 메이리다오역,22.6313652,120.3019167,"22.6313652,120.3019167",명소,"★ 4.4 · 4,621",메이리다오,MRT 미려도역 구내,세계 최대 유리 공공미술 빛의 돔(光之穹頂). 역 안이라 5분이면 봅니다. ⚠조명쇼(鳳翼天翔)는 2026-01-07부터 중단 중이고 재개 공고가 없습니다 — 작품 자체는 늘 켜져 있습니다,"https://www.google.com/maps/search/?api=1&query=22.6313652,120.3019167"
가오슝시립역사박물관,22.6269501,120.2867994,"22.6269501,120.2867994",명소,"★ 4.4 · 4,579",옌청푸,MRT 옌청푸역 도보 5분,일제강점기 시청 건물. 무료이고 건물 자체가 사진이 잘 나옵니다,"https://www.google.com/maps/search/?api=1&query=22.6269501,120.2867994"
시쯔완 일몰,22.6176929,120.2659149,"22.6176929,120.2659149",명소,"★ 4.4 · 1,800",시쯔완,MRT 하마싱역(Hamasen) + 셔틀,가오슝 최고의 일몰. 10월 말 일몰은 17:20 전후라 시간을 앞당겨야 함,"https://www.google.com/maps/search/?api=1&query=22.6176929,120.2659149"
아이허 사랑의 강(愛河) — Love River,22.6529037,120.3054076,"22.6529037,120.3054076",명소,"★ 4.4 · 1,422",첸진,핀은 구글이 잡은 강 지점입니다 — 야경 산책은 보얼예술특구~대중음악센터 하류 구간,🇰🇷 한국 일정 여섯 개 중 셋에 나옵니다. 해 지고 강변을 걷는 게 전부인 곳이라 저녁 동선에 끼워 넣기 좋습니다. 유람선도 있습니다,"https://www.google.com/maps/search/?api=1&query=22.6529037,120.3054076"
롄츠탄 용호탑(蓮池潭 龍虎塔),22.680507,120.292376,"22.680507,120.292376",명소,"★ 4.3 · 20,738",쭤잉,MRT 생태공원역 2번 출구 + 유바이크,가오슝 대표 사진 스팟. 용 입으로 들어가 호랑이 입으로 나오는 게 순서. 춘추각까지 묶어서,"https://www.google.com/maps/search/?api=1&query=22.680507,120.292376"
치진 해수욕장,22.6101746,120.2669211,"22.6101746,120.2669211",명소,"★ 4.3 · 7,401",치진,구산 페리 7분,자전거로 해안도로 한 바퀴가 정석. 무지개 교회·해산물 거리·등대,"https://www.google.com/maps/search/?api=1&query=22.6101746,120.2669211"
치진 별빛 터널(星空隧道),22.6126605,120.2645727,"22.6126605,120.2645727",명소,"★ 4.3 · 4,986",치진,치진 옛거리 서쪽 끝,야광 벽화가 있는 짧은 해안 터널. 자전거로 지나가기 좋습니다,"https://www.google.com/maps/search/?api=1&query=22.6126605,120.2645727"
춘추각(春秋閣),22.6822687,120.2927297,"22.6822687,120.2927297",명소,"★ 4.3 · 4,891",쭤잉,롄츠탄 용호탑에서 도보 10분,용을 타고 있는 관음상. 용호탑과 한 세트로 봅니다,"https://www.google.com/maps/search/?api=1&query=22.6822687,120.2927297"
치진 옛거리(旗津老街),22.6133492,120.2686345,"22.6133492,120.2686345",명소,"★ 4.2 · 27,661",치진,페리에서 내리면 바로,해산물집과 간식 노점이 이어지는 거리. 치진 일정의 중심입니다,"https://www.google.com/maps/search/?api=1&query=22.6133492,120.2686345"
치진 풍차공원,22.5883126,120.2843378,"22.5883126,120.2843378",명소,"★ 4.2 · 10,350",치진,치진 옛거리에서 자전거 15분,바다 옆 풍력발전기와 잔디밭. 치진 자전거 코스의 종점,"https://www.google.com/maps/search/?api=1&query=22.5883126,120.2843378"
다카오 철도이야기관,22.6216869,120.2755422,"22.6216869,120.2755422",명소,"★ 4.2 · 3,340",하마싱,경전철 하마싱역 앞,옛 기차역과 넓은 잔디밭. 보얼예술특구와 이어져 있어 걸어서 넘어갑니다,"https://www.google.com/maps/search/?api=1&query=22.6216869,120.2755422"
85빌딩 전망대,22.6116938,120.3001305,"22.6116938,120.3001305",명소,"★ 4.1 · 13,282",첸전,MRT 산둬상권역 도보 10분,"74층 전망대. 야경은 소우산 전망대가 낫지만, 비 오는 날엔 여기가 답입니다","https://www.google.com/maps/search/?api=1&query=22.6116938,120.3001305"
치진 무지개 교회(彩虹教堂),22.6023263,120.2734327,"22.6023263,120.2734327",명소,"★ 4.1 · 8,158",치진,치진 해변 남쪽 · 자전거 10분,바다를 배경으로 한 포토존. 평점은 4.1로 높지 않지만 사진은 확실히 남습니다,"https://www.google.com/maps/search/?api=1&query=22.6023263,120.2734327"
중앙공원,22.62486,120.301067,"22.62486,120.301067",명소,★★,중앙공원,MRT 중앙공원역 직결,도심 속 열대 공원. 저녁 산책 코스,"https://www.google.com/maps/search/?api=1&query=22.62486,120.301067"
다거우 영국영사관(打狗英國領事館),22.618284,120.267214,"22.618284,120.267214",명소,★★,시쯔완,시쯔완 언덕,옛 영국 영사관에서 항구를 내려다봄. 일몰과 묶어서 보는 코스,"https://www.google.com/maps/search/?api=1&query=22.618284,120.267214"
구산 페리 선착장,22.619895,120.270012,"22.619895,120.270012",명소,★★,구산,MRT 시쯔완역 도보 8분,치진 가는 페리. 자전거를 들고 탈 수 있음,"https://www.google.com/maps/search/?api=1&query=22.619895,120.270012"
웨이우잉 예술문화센터(衛武營),22.622919,120.342398,"22.622919,120.342398",명소,★★,펑산,MRT 웨이우잉역,거대한 곡면 건축. 실내라 날씨와 무관하고 사진이 잘 나옴,"https://www.google.com/maps/search/?api=1&query=22.622919,120.342398"
청칭호,22.660663,120.351092,"22.660663,120.351092",명소,★,냐오쑹,MRT 웨이우잉역 + 버스,호수 공원. 한적하게 걷기 좋지만 접근이 번거로움,"https://www.google.com/maps/search/?api=1&query=22.660663,120.351092"
다둥 문화예술센터,22.624405,120.363577,"22.624405,120.363577",명소,★,펑산,MRT 다둥역 도보 3분,우산 모양 막 구조물. 사진 명소지만 시내에서 다소 떨어짐,"https://www.google.com/maps/search/?api=1&query=22.624405,120.363577"
장미성모성당(玫瑰聖母聖殿主教座堂),22.6203245,120.2916188,"22.6203245,120.2916188",명소,,옌청푸,아이허 강변 · MRT 옌청푸역 도보 12분,1859년에 세운 대만 최초의 가톨릭 성당. 해 지고 조명이 들어오면 사진이 잘 나옵니다,"https://www.google.com/maps/search/?api=1&query=22.6203245,120.2916188"
포트 웨어하우스 2(棧貳庫 KW2),22.6186461,120.2777946,"22.6186461,120.2777946",명소,,하마싱,보얼예술특구에서 도보 · MRT 하마싱역(Hamasen) 도보 8분,항만 창고를 고친 쇼핑·식당 공간. 보얼예술특구와 붙어 있어 이어서 봅니다. 항구 쪽 테라스가 핵심,"https://www.google.com/maps/search/?api=1&query=22.6186461,120.2777946"
스즈카 서킷 파크(鈴鹿賽道樂園),22.5834212,120.3286197,"22.5834212,120.3286197",명소,,첸전,MRT 차오야역에서 택시 10분 · 가오슝 시내입니다(일본·타이중 아님),일본 스즈카 서킷과 제휴한 대만 유일의 드라이빙 테마파크. 카트·미니 서킷 위주라 반나절 잡습니다,"https://www.google.com/maps/search/?api=1&query=22.5834212,120.3286197"
국립 해양생물박물관(國立海洋生物博物館),22.0460159,120.6989058,"22.0460159,120.6989058",명소,,처청,가오슝에서 차로 2~2.5시간 · 컨딩쾌선 9189 해생관 환승역,81m 해저터널이 있는 대형 아쿠아리움. 입장료 NT$450. 제대로 보려면 2시간 반은 필요합니다,"https://www.google.com/maps/search/?api=1&query=22.0460159,120.6989058"
헝춘 라오제(恆春老街),22.0033907,120.7434924,"22.0033907,120.7434924",명소,,헝춘,해양생물박물관에서 6.6km,헝춘 성 안의 옛 거리. 컨딩 가는 길에 점심을 해결하기 좋은 지점입니다,"https://www.google.com/maps/search/?api=1&query=22.0033907,120.7434924"
헝춘 고성 동문(恆春古城東門),22.0040214,120.7501725,"22.0040214,120.7501725",명소,,헝춘,헝춘 라오제에서 도보권,청나라 때 쌓은 성벽 가운데 동문이 가장 온전히 남아 있습니다. 성벽 위를 걸을 수 있습니다,"https://www.google.com/maps/search/?api=1&query=22.0040214,120.7501725"
룽판 공원(龍磐公園),21.9288474,120.8466288,"21.9288474,120.8466288",명소,,컨딩,헝춘에서 13.4km · 어롼비 공원에서 2.9km,초원이 그대로 바다 절벽으로 떨어지는 지형. 밤에는 별 보는 곳으로도 유명합니다. ⚠'룽롼'이 아니라 룽판(龍磐)입니다,"https://www.google.com/maps/search/?api=1&query=21.9288474,120.8466288"
어롼비 공원(鵝鑾鼻公園),21.9029742,120.8516807,"21.9029742,120.8516807",명소,,컨딩,룽판 공원에서 2.9km,대만 최남단. 흰 등대가 상징이고 공원을 한 바퀴 도는 데 1시간쯤 걸립니다,"https://www.google.com/maps/search/?api=1&query=21.9029742,120.8516807"
촨판스(船帆石),21.933473,120.8228934,"21.933473,120.8228934",명소,,컨딩,어롼비에서 4.2km · 도로변이라 차를 세우고 보면 됩니다,바다에 뜬 돛 모양 바위. 오래 머물 곳은 아니고 지나는 길에 사진 한 장,"https://www.google.com/maps/search/?api=1&query=21.933473,120.8228934"
관산 일몰(關山日落),21.9656104,120.7186263,"21.9656104,120.7186263",명소,,컨딩,촨판스에서 11.5km · 정상까지 차로 오를 수 있습니다,컨딩 일몰 1순위. 10월 말 일몰이 17:40 전후라 40분 전에는 올라가 자리를 잡으세요,"https://www.google.com/maps/search/?api=1&query=21.9656104,120.7186263"
